{
    "Logistic Regression": {
        "load_dry_bean": {
            "fit_time": [
                0.5231709480285645,
                0.24624037742614746,
                0.23869585990905762,
                0.24532699584960938,
                0.24442172050476074
            ],
            "score_time": [
                0.0031621456146240234,
                0.0019969940185546875,
                0.003072023391723633,
                0.0030384063720703125,
                0.0032966136932373047
            ],
            "test_accuracy": [
                0.4208593463092178,
                0.7443056576047025,
                0.8093313739897134,
                0.8023512123438648,
                0.3695811903012491
            ],
            "test_f1_weighted": [
                0.34402844767278085,
                0.735969560241425,
                0.8092447295422247,
                0.7999834881190779,
                0.3169492164956925
            ],
            "memory_usage(MB)": 0.0
        },
        "load_mushroom": {
            "fit_time": [
                0.07379722595214844,
                0.056607723236083984,
                0.05152177810668945,
                0.05397772789001465,
                0.05258584022521973
            ],
            "score_time": [
                0.0029938220977783203,
                0.0030727386474609375,
                0.0021660327911376953,
                0.0034508705139160156,
                0.003305673599243164
            ],
            "test_accuracy": [
                0.6418461538461538,
                0.9846153846153847,
                0.8756923076923077,
                0.9987684729064039,
                0.7013546798029556
            ],
            "test_f1_weighted": [
                0.6392194384869655,
                0.9846150345705716,
                0.8731446925461909,
                0.9987685252672499,
                0.685052686263234
            ],
            "memory_usage(MB)": 0.0
        },
        "load_spambase": {
            "fit_time": [
                0.06601858139038086,
                0.058411359786987305,
                0.055264949798583984,
                0.0672004222869873,
                0.06125211715698242
            ],
            "score_time": [
                0.0014386177062988281,
                0.002354860305786133,
                0.002341747283935547,
                0.0030934810638427734,
                0.00249481201171875
            ],
            "test_accuracy": [
                0.9294245385450597,
                0.9239130434782609,
                0.8902173913043478,
                0.9391304347826087,
                0.8402173913043478
            ],
            "test_f1_weighted": [
                0.9292260736613015,
                0.9237998188405798,
                0.8910828834652912,
                0.9387276887871853,
                0.8413621718866466
            ],
            "memory_usage(MB)": 0.0
        },
        "load_student_dropout": {
            "fit_time": [
                0.08747267723083496,
                0.08264756202697754,
                0.0794060230255127,
                0.09346389770507812,
                0.09645223617553711
            ],
            "score_time": [
                0.002197265625,
                0.0020155906677246094,
                0.002000093460083008,
                0.0020918846130371094,
                0.0020058155059814453
            ],
            "test_accuracy": [
                0.6644067796610169,
                0.6926553672316385,
                0.6994350282485876,
                0.6824858757062147,
                0.6628959276018099
            ],
            "test_f1_weighted": [
                0.6230156027831111,
                0.6404845147544249,
                0.6445014599098109,
                0.6214458992103568,
                0.6100188041770024
            ],
            "memory_usage(MB)": 0.0
        },
        "load_wine": {
            "fit_time": [
                0.013564825057983398,
                0.014884233474731445,
                0.013120174407958984,
                0.019000530242919922,
                0.016997337341308594
            ],
            "score_time": [
                0.0010137557983398438,
                0.002365589141845703,
                0.0019931793212890625,
                0.003000497817993164,
                0.002001047134399414
            ],
            "test_accuracy": [
                0.8888888888888888,
                0.9444444444444444,
                0.9444444444444444,
                1.0,
                1.0
            ],
            "test_f1_weighted": [
                0.8888888888888888,
                0.9442690058479533,
                0.9437710437710438,
                1.0,
                1.0
            ],
            "memory_usage(MB)": 0.0
        }
    },
    "Decision Tree Classifier": {
        "load_dry_bean": {
            "fit_time": [
                0.4252345561981201,
                0.5636553764343262,
                0.5356345176696777,
                0.5260841846466064,
                0.5993952751159668
            ],
            "score_time": [
                0.003000974655151367,
                0.002085447311401367,
                0.003064870834350586,
                0.0030012130737304688,
                0.0019981861114501953
            ],
            "test_accuracy": [
                0.49540947484392217,
                0.7274063188831741,
                0.7358559882439383,
                0.5749448934606907,
                0.2861866274797943
            ],
            "test_f1_weighted": [
                0.4349618341729031,
                0.6648019745515062,
                0.7077826038858192,
                0.5094219371725204,
                0.20351579262750544
            ],
            "memory_usage(MB)": 0.01171875
        },
        "load_mushroom": {
            "fit_time": [
                0.0068817138671875,
                0.008059263229370117,
                0.009269475936889648,
                0.006021738052368164,
                0.005792856216430664
            ],
            "score_time": [
                0.003000020980834961,
                0.003550291061401367,
                0.002814769744873047,
                0.0020003318786621094,
                0.0029897689819335938
            ],
            "test_accuracy": [
                0.8824615384615384,
                1.0,
                0.9975384615384615,
                1.0,
                0.7192118226600985
            ],
            "test_f1_weighted": [
                0.8802845836829838,
                1.0,
                0.9975382262754268,
                1.0,
                0.6986550415713795
            ],
            "memory_usage(MB)": 0.0
        },
        "load_spambase": {
            "fit_time": [
                0.11102080345153809,
                0.12039542198181152,
                0.09625101089477539,
                0.10788369178771973,
                0.13415122032165527
            ],
            "score_time": [
                0.0020012855529785156,
                0.0019996166229248047,
                0.0029642581939697266,
                0.0015819072723388672,
                0.0025746822357177734
            ],
            "test_accuracy": [
                0.9055374592833876,
                0.8978260869565218,
                0.9228260869565217,
                0.9184782608695652,
                0.7815217391304348
            ],
            "test_f1_weighted": [
                0.9050588162728962,
                0.8974556261195245,
                0.9229842973978889,
                0.9181564962338187,
                0.7839797902450115
            ],
            "memory_usage(MB)": 0.0
        },