{
    "Linear Regression": {
        "load_auto_mpg": {
            "fit_time": [
                0.0011763572692871094,
                0.00099945068359375,
                0.001310586929321289,
                0.0009996891021728516,
                0.0009996891021728516
            ],
            "score_time": [
                0.002011537551879883,
                0.0010075569152832031,
                0.0020089149475097656,
                0.0019991397857666016,
                0.0019998550415039062
            ],
            "test_neg_mean_absolute_error": [
                -3.247545675833412,
                -2.6847577984917885,
                -1.8328657574924996,
                -3.2118488728998416,
                -3.9623644310221096
            ],
            "test_explained_variance": [
                0.79997837961764,
                0.7100698431944765,
                0.8721984874838182,
                0.6911644145869784,
                0.42204978906226764
            ],
            "test_neg_root_mean_squared_error": [
                -3.832504102162284,
                -3.306850912791128,
                -2.4414448090375718,
                -3.948696354283905,
                -5.264810269286503
            ],
            "memory_usage(MB)": 0.0
        },
        "load_student_mat": {
            "fit_time": [
                0.0010018348693847656,
                0.004010677337646484,
                0.002027750015258789,
                0.002002239227294922,
                0.0009975433349609375
            ],
            "score_time": [
                0.0019998550415039062,
                0.0009868144989013672,
                0.0029702186584472656,
                0.0010027885437011719,
                0.004170417785644531
            ],
            "test_neg_mean_absolute_error": [
                -2.546000713762456,
                -4.025762104162792,
                -3.1954917111531675,
                -3.558907127317097,
                -3.7630286670318087
            ],
            "test_explained_variance": [
                0.22384018820097873,
                0.12469841753628141,
                0.09517369993989777,
                -0.04076506335602681,
                -0.03949442872636566
            ],
            "test_neg_root_mean_squared_error": [
                -3.1443340967790103,
                -5.082213867287735,
                -3.992886393033832,
                -4.663636363210793,
                -4.907368047297226
            ],
            "memory_usage(MB)": 0.0
        },
        "load_student_por": {
            "fit_time": [
                0.003156900405883789,
                0.0019953250885009766,
                0.0019991397857666016,
                0.003009796142578125,
                0.004995822906494141
            ],
            "score_time": [
                0.0020017623901367188,
                0.0019969940185546875,
                0.0020017623901367188,
                0.001993894577026367,
                0.004040956497192383
            ],
            "test_neg_mean_absolute_error": [
                -1.6457559238097375,
                -1.8626386533827464,
                -1.8118415121328708,
                -2.0844871636203717,
                -2.8697282714140386
            ],
            "test_explained_variance": [
                -0.009485512229434612,
                0.32612840886283156,
                0.3233685321847799,
                0.32242517285576,
                0.1437213706473024
            ],
            "test_neg_root_mean_squared_error": [
                -2.084922750171839,
                -2.385574436831232,
                -2.2871216529467513,
                -2.8130546047930536,
                -4.074638302938036
            ],
            "memory_usage(MB)": 0.0
        },
        "load_wine_quality_red": {
            "fit_time": [
                0.0020570755004882812,
                0.0009989738464355469,
                0.0015454292297363281,
                0.0011608600616455078,
                0.0030226707458496094
            ],
            "score_time": [
                0.0030007362365722656,
                0.0010154247283935547,
                0.002007722854614258,
                0.005008220672607422,
                0.002979278564453125
            ],
            "test_neg_mean_absolute_error": [
                -0.5226070584412976,
                -0.5258644325807099,
                -0.49963962416313334,
                -0.5069421360247578,
                -0.4969746399412755
            ],
            "test_explained_variance": [
                0.13249209996253197,
                0.32781035213731813,
                0.35045505694367707,
                0.37483315738469514,
                0.3050876647920816
            ],
            "test_neg_root_mean_squared_error": [
                -0.6673739812195314,
                -0.6724421953010594,
                -0.6666188867693421,
                -0.6397351162109017,
                -0.657220392425094
            ],
            "memory_usage(MB)": 0.0
        },
        "load_wine_quality_white": {
            "fit_time": [
                0.0013616085052490234,
                0.0040018558502197266,
                0.004586219787597656,
                0.009082317352294922,
                0.0050089359283447266
            ],
            "score_time": [
                0.002008199691772461,
                0.003007173538208008,
                0.0010085105895996094,
                0.007063388824462891,
                0.0032308101654052734
            ],
            "test_neg_mean_absolute_error": [
                -0.6515140307640827,
                -0.6028726487778893,
                -0.5866058252936625,
                -0.5760798504848772,
                -0.5519158397539888
            ],
            "test_explained_variance": [
                0.22716938027083355,
                0.31571603854306574,
                0.2782005516568632,
                0.30988763086199367,
                0.19522483886971942
            ],
            "test_neg_root_mean_squared_error": [
                -0.8346577310926703,
                -0.7693838376489311,
                -0.7573489687262616,
                -0.7370067469628936,
                -0.712550982652989
            ],
            "memory_usage(MB)": 0.0
        }
    },
    "Random Forest Regressor": {
        "load_auto_mpg": {
            "fit_time": [
                0.004044294357299805,
                0.00598454475402832,
                0.0030982494354248047,
                0.004003286361694336,
                0.004999399185180664
            ],
            "score_time": [
                0.003000497817993164,
                0.0010638236999511719,
                0.0010001659393310547,
                0.001996278762817383,
                0.0010018348693847656
            ],
            "test_neg_mean_absolute_error": [
                -1.8481012658227849,
                -1.9743589743589745,
                -2.7384615384615385,
                -3.766666666666666,
                -4.0717948717948715
            ],
            "test_explained_variance": [
                0.7993689540507859,
                0.7999362667901805,
                0.5227417473833169,
                0.42512502939795693,
                0.21573351480970626
            ],
            "test_neg_root_mean_squared_error": [
                -2.6624439139513734,
                -2.7733160748969907,
                -4.0428157235222795,
                -5.387663972161133,
                -5.333181087570581
            ],
            "memory_usage(MB)": 0.01171875
        },
        "load_student_mat": {
            "fit_time": [
                0.007118701934814453,
                0.005991697311401367,
                0.005995035171508789,
                0.005004405975341797,
                0.005801200866699219
            ],